{"cameraMode":{"drawMode":0,"name":"Shaded","section":"Shading Mode"},"sceneLighting":false,"audioPlay":false,"sceneViewState":{"showFog":true,"showMaterialUpdate":false,"showSkybox":false,"showFlares":true,"showImageEffects":true,"showParticleSystems":true,"showVisualEffectGraphs":true,"m_FxEnabled":true},"in2DMode":false,"pivot":{"x":-3.6653060913085939,"y":0.06107957288622856,"z":-2.8680174350738527},"rotation":{"x":0.11420677602291107,"y":0.1513836681842804,"z":-0.017597636207938196,"w":0.9817185997962952},"size":4.1575422286987309,"orthographic":false}