{"cameraMode":{"drawMode":0,"name":"Shaded","section":"Shading Mode"},"sceneLighting":false,"audioPlay":false,"sceneViewState":{"showFog":true,"showMaterialUpdate":false,"showSkybox":false,"showFlares":true,"showImageEffects":true,"showParticleSystems":true,"showVisualEffectGraphs":true,"m_FxEnabled":true},"in2DMode":false,"pivot":{"x":0.000431060791015625,"y":-0.3124999403953552,"z":0.00096893310546875},"rotation":{"x":0.440631628036499,"y":0.005382022820413113,"z":-0.0026412163861095907,"w":0.8976690173149109},"size":7.077969074249268,"orthographic":false}